{
    "loss": 0.3333781361579895,
    "accuracy": 0.9137930870056152
}