{
    "loss": 0.1686692237854004,
    "accuracy": 0.9655172228813171
}